Day,State,Weather
0,1,Ясно
1,3,Пасмурно
2,3,Пасмурно
3,3,Пасмурно
4,3,Пасмурно
5,3,Пасмурно
6,1,Ясно
7,2,Облачно
8,2,Облачно
9,2,Облачно
10,2,Облачно
11,3,Пасмурно
12,3,Пасмурно
13,2,Облачно
14,2,Облачно
15,2,Облачно
16,2,Облачно
17,2,Облачно
18,2,Облачно
19,2,Облачно
20,2,Облачно
21,2,Облачно
22,2,Облачно
23,2,Облачно
24,3,Пасмурно
25,3,Пасмурно
26,3,Пасмурно
27,3,Пасмурно
28,3,Пасмурно
29,3,Пасмурно
30,3,Пасмурно
31,3,Пасмурно
32,2,Облачно
33,2,Облачно
34,2,Облачно
35,2,Облачно
36,1,Ясно
37,1,Ясно
38,1,Ясно
39,2,Облачно
40,2,Облачно
41,3,Пасмурно
42,3,Пасмурно
43,1,Ясно
44,1,Ясно
45,2,Облачно
46,2,Облачно
47,2,Облачно
48,2,Облачно
49,2,Облачно
50,2,Облачно
51,2,Облачно
52,2,Облачно
53,2,Облачно
54,2,Облачно
55,2,Облачно
56,3,Пасмурно
57,3,Пасмурно
58,3,Пасмурно
59,3,Пасмурно
60,1,Ясно
61,1,Ясно
62,2,Облачно
63,4,Дождь
64,1,Ясно
65,2,Облачно
66,2,Облачно
67,2,Облачно
68,2,Облачно
69,3,Пасмурно
70,2,Облачно
71,3,Пасмурно
72,2,Облачно
73,2,Облачно
74,2,Облачно
75,2,Облачно
76,2,Облачно
77,2,Облачно
78,2,Облачно
79,2,Облачно
80,2,Облачно
81,1,Ясно
82,1,Ясно
83,1,Ясно
84,1,Ясно
85,1,Ясно
86,1,Ясно
87,3,Пасмурно
88,3,Пасмурно
89,4,Дождь
90,4,Дождь
91,4,Дождь
92,3,Пасмурно
93,3,Пасмурно
94,4,Дождь
95,2,Облачно
96,2,Облачно
97,3,Пасмурно
98,3,Пасмурно
99,3,Пасмурно
100,2,Облачно
101,2,Облачно
102,3,Пасмурно
103,3,Пасмурно
104,2,Облачно
105,2,Облачно
106,2,Облачно
107,2,Облачно
108,3,Пасмурно
109,3,Пасмурно
110,3,Пасмурно
111,2,Облачно
112,2,Облачно
113,4,Дождь
114,4,Дождь
115,3,Пасмурно
116,1,Ясно
117,1,Ясно
118,1,Ясно
119,1,Ясно
120,1,Ясно
121,2,Облачно
122,1,Ясно
123,1,Ясно
124,4,Дождь
125,4,Дождь
126,4,Дождь
127,3,Пасмурно
128,3,Пасмурно
129,2,Облачно
130,3,Пасмурно
131,3,Пасмурно
132,3,Пасмурно
133,2,Облачно
134,2,Облачно
135,2,Облачно
136,2,Облачно
137,2,Облачно
138,2,Облачно
139,2,Облачно
140,2,Облачно
141,2,Облачно
142,2,Облачно
143,2,Облачно
144,2,Облачно
145,1,Ясно
146,1,Ясно
147,1,Ясно
148,1,Ясно
149,1,Ясно
150,1,Ясно
151,1,Ясно
152,1,Ясно
153,1,Ясно
154,2,Облачно
155,2,Облачно
156,2,Облачно
157,2,Облачно
158,2,Облачно
159,1,Ясно
160,1,Ясно
161,3,Пасмурно
162,3,Пасмурно
163,3,Пасмурно
164,1,Ясно
165,1,Ясно
166,1,Ясно
167,1,Ясно
168,2,Облачно
169,2,Облачно
170,2,Облачно
171,2,Облачно
172,1,Ясно
173,1,Ясно
174,1,Ясно
175,2,Облачно
176,2,Облачно
177,3,Пасмурно
178,2,Облачно
179,3,Пасмурно
180,3,Пасмурно
181,3,Пасмурно
182,3,Пасмурно
183,3,Пасмурно
184,3,Пасмурно
185,2,Облачно
186,2,Облачно
187,2,Облачно
188,2,Облачно
189,2,Облачно
190,3,Пасмурно
191,3,Пасмурно
192,3,Пасмурно
193,3,Пасмурно
194,3,Пасмурно
195,3,Пасмурно
196,1,Ясно
197,1,Ясно
198,1,Ясно
199,1,Ясно
200,1,Ясно
201,2,Облачно
202,3,Пасмурно
203,3,Пасмурно
204,4,Дождь
205,4,Дождь
206,4,Дождь
207,3,Пасмурно
208,3,Пасмурно
209,3,Пасмурно
210,3,Пасмурно
211,3,Пасмурно
212,3,Пасмурно
213,3,Пасмурно
214,3,Пасмурно
215,3,Пасмурно
216,3,Пасмурно
217,4,Дождь
218,4,Дождь
219,4,Дождь
220,2,Облачно
221,2,Облачно
222,2,Облачно
223,3,Пасмурно
224,3,Пасмурно
225,3,Пасмурно
226,3,Пасмурно
227,2,Облачно
228,4,Дождь
229,1,Ясно
230,1,Ясно
231,1,Ясно
232,1,Ясно
233,1,Ясно
234,1,Ясно
235,1,Ясно
236,1,Ясно
237,1,Ясно
238,3,Пасмурно
239,4,Дождь
240,4,Дождь
241,4,Дождь
242,4,Дождь
243,4,Дождь
244,4,Дождь
245,4,Дождь
246,4,Дождь
247,4,Дождь
248,4,Дождь
249,2,Облачно
250,2,Облачно
251,2,Облачно
252,2,Облачно
253,3,Пасмурно
254,3,Пасмурно
255,3,Пасмурно
256,3,Пасмурно
257,3,Пасмурно
258,1,Ясно
259,1,Ясно
260,1,Ясно
261,1,Ясно
262,1,Ясно
263,1,Ясно
264,1,Ясно
265,3,Пасмурно
266,3,Пасмурно
267,3,Пасмурно
268,3,Пасмурно
269,2,Облачно
270,2,Облачно
271,2,Облачно
272,4,Дождь
273,4,Дождь
274,4,Дождь
275,4,Дождь
276,4,Дождь
277,4,Дождь
278,4,Дождь
279,4,Дождь
280,4,Дождь
281,4,Дождь
282,4,Дождь
283,4,Дождь
284,2,Облачно
285,2,Облачно
286,2,Облачно
287,2,Облачно
288,2,Облачно
289,4,Дождь
290,4,Дождь
291,4,Дождь
292,4,Дождь
293,4,Дождь
294,2,Облачно
295,2,Облачно
296,2,Облачно
297,2,Облачно
298,2,Облачно
299,3,Пасмурно
300,3,Пасмурно
301,3,Пасмурно
302,3,Пасмурно
303,3,Пасмурно
304,3,Пасмурно
305,3,Пасмурно
306,3,Пасмурно
307,4,Дождь
308,4,Дождь
309,4,Дождь
310,4,Дождь
311,4,Дождь
312,3,Пасмурно
313,3,Пасмурно
314,4,Дождь
315,4,Дождь
316,2,Облачно
317,2,Облачно
318,2,Облачно
319,2,Облачно
320,3,Пасмурно
321,4,Дождь
322,4,Дождь
323,4,Дождь
324,2,Облачно
325,2,Облачно
326,2,Облачно
327,2,Облачно
328,3,Пасмурно
329,3,Пасмурно
330,3,Пасмурно
331,3,Пасмурно
332,4,Дождь
333,4,Дождь
334,4,Дождь
335,1,Ясно
336,1,Ясно
337,1,Ясно
338,1,Ясно
339,1,Ясно
340,1,Ясно
341,3,Пасмурно
342,3,Пасмурно
343,3,Пасмурно
344,3,Пасмурно
345,3,Пасмурно
346,4,Дождь
347,3,Пасмурно
348,3,Пасмурно
349,3,Пасмурно
350,2,Облачно
351,2,Облачно
352,2,Облачно
353,4,Дождь
354,4,Дождь
355,2,Облачно
356,2,Облачно
357,2,Облачно
358,2,Облачно
359,2,Облачно
360,1,Ясно
361,1,Ясно
362,1,Ясно
363,1,Ясно
364,1,Ясно
365,2,Облачно
366,2,Облачно
367,2,Облачно
368,2,Облачно
369,2,Облачно
370,2,Облачно
371,3,Пасмурно
372,4,Дождь
373,3,Пасмурно
374,3,Пасмурно
375,4,Дождь
376,4,Дождь
377,4,Дождь
378,4,Дождь
379,4,Дождь
380,4,Дождь
381,4,Дождь
382,4,Дождь
383,4,Дождь
384,2,Облачно
385,2,Облачно
386,2,Облачно
387,2,Облачно
388,4,Дождь
389,1,Ясно
390,1,Ясно
391,1,Ясно
392,3,Пасмурно
393,3,Пасмурно
394,3,Пасмурно
395,3,Пасмурно
396,3,Пасмурно
397,3,Пасмурно
398,3,Пасмурно
399,3,Пасмурно
400,3,Пасмурно
401,3,Пасмурно
402,3,Пасмурно
403,2,Облачно
404,2,Облачно
405,4,Дождь
406,4,Дождь
407,4,Дождь
408,1,Ясно
409,1,Ясно
410,1,Ясно
411,2,Облачно
412,2,Облачно
413,3,Пасмурно
414,3,Пасмурно
415,3,Пасмурно
416,3,Пасмурно
417,3,Пасмурно
418,4,Дождь
419,4,Дождь
420,4,Дождь
421,4,Дождь
422,1,Ясно
423,4,Дождь
424,4,Дождь
425,4,Дождь
426,4,Дождь
427,4,Дождь
428,1,Ясно
429,1,Ясно
430,1,Ясно
431,2,Облачно
432,2,Облачно
433,3,Пасмурно
434,3,Пасмурно
435,3,Пасмурно
436,3,Пасмурно
437,3,Пасмурно
438,2,Облачно
439,3,Пасмурно
440,4,Дождь
441,4,Дождь
442,4,Дождь
443,4,Дождь
444,3,Пасмурно
445,3,Пасмурно
446,2,Облачно
447,3,Пасмурно
448,2,Облачно
449,2,Облачно
450,2,Облачно
451,2,Облачно
452,2,Облачно
453,2,Облачно
454,3,Пасмурно
455,1,Ясно
456,1,Ясно
457,1,Ясно
458,1,Ясно
459,4,Дождь
460,1,Ясно
461,2,Облачно
462,2,Облачно
463,2,Облачно
464,2,Облачно
465,2,Облачно
466,2,Облачно
467,2,Облачно
468,2,Облачно
469,4,Дождь
470,4,Дождь
471,4,Дождь
472,4,Дождь
473,3,Пасмурно
474,2,Облачно
475,2,Облачно
476,2,Облачно
477,2,Облачно
478,2,Облачно
479,4,Дождь
480,3,Пасмурно
481,3,Пасмурно
482,3,Пасмурно
483,3,Пасмурно
484,3,Пасмурно
485,3,Пасмурно
486,3,Пасмурно
487,4,Дождь
488,4,Дождь
489,4,Дождь
490,3,Пасмурно
491,3,Пасмурно
492,1,Ясно
493,1,Ясно
494,1,Ясно
495,4,Дождь
496,4,Дождь
497,4,Дождь
498,2,Облачно
499,2,Облачно
500,4,Дождь
501,1,Ясно
502,4,Дождь
503,4,Дождь
504,4,Дождь
505,4,Дождь
506,4,Дождь
507,4,Дождь
508,4,Дождь
509,4,Дождь
510,4,Дождь
511,4,Дождь
512,4,Дождь
513,2,Облачно
514,2,Облачно
515,3,Пасмурно
516,3,Пасмурно
517,3,Пасмурно
518,2,Облачно
519,3,Пасмурно
520,3,Пасмурно
521,4,Дождь
522,4,Дождь
523,3,Пасмурно
524,3,Пасмурно
525,4,Дождь
526,3,Пасмурно
527,3,Пасмурно
528,3,Пасмурно
529,3,Пасмурно
530,2,Облачно
531,3,Пасмурно
532,3,Пасмурно
533,4,Дождь
534,1,Ясно
535,2,Облачно
536,2,Облачно
537,2,Облачно
538,1,Ясно
539,2,Облачно
540,2,Облачно
541,2,Облачно
542,1,Ясно
543,1,Ясно
544,1,Ясно
545,1,Ясно
546,1,Ясно
547,1,Ясно
548,1,Ясно
549,1,Ясно
550,1,Ясно
551,1,Ясно
552,4,Дождь
553,4,Дождь
554,4,Дождь
555,1,Ясно
556,4,Дождь
557,4,Дождь
558,4,Дождь
559,3,Пасмурно
560,3,Пасмурно
561,3,Пасмурно
562,3,Пасмурно
563,3,Пасмурно
564,3,Пасмурно
565,2,Облачно
566,3,Пасмурно
567,3,Пасмурно
568,3,Пасмурно
569,3,Пасмурно
570,3,Пасмурно
571,3,Пасмурно
572,3,Пасмурно
573,3,Пасмурно
574,3,Пасмурно
575,2,Облачно
576,2,Облачно
577,2,Облачно
578,2,Облачно
579,2,Облачно
580,2,Облачно
581,2,Облачно
582,2,Облачно
583,3,Пасмурно
584,3,Пасмурно
585,3,Пасмурно
586,3,Пасмурно
587,3,Пасмурно
588,3,Пасмурно
589,3,Пасмурно
590,3,Пасмурно
591,4,Дождь
592,4,Дождь
593,4,Дождь
594,3,Пасмурно
595,3,Пасмурно
596,3,Пасмурно
597,3,Пасмурно
598,3,Пасмурно
599,3,Пасмурно
600,3,Пасмурно
601,3,Пасмурно
602,3,Пасмурно
603,3,Пасмурно
604,3,Пасмурно
605,3,Пасмурно
606,3,Пасмурно
607,3,Пасмурно
608,3,Пасмурно
609,2,Облачно
610,3,Пасмурно
611,3,Пасмурно
612,3,Пасмурно
613,3,Пасмурно
614,3,Пасмурно
615,4,Дождь
616,3,Пасмурно
617,3,Пасмурно
618,3,Пасмурно
619,3,Пасмурно
620,3,Пасмурно
621,3,Пасмурно
622,3,Пасмурно
623,3,Пасмурно
624,3,Пасмурно
625,3,Пасмурно
626,2,Облачно
627,1,Ясно
628,1,Ясно
629,3,Пасмурно
630,3,Пасмурно
631,3,Пасмурно
632,3,Пасмурно
633,3,Пасмурно
634,3,Пасмурно
635,3,Пасмурно
636,3,Пасмурно
637,1,Ясно
638,1,Ясно
639,1,Ясно
640,4,Дождь
641,4,Дождь
642,4,Дождь
643,4,Дождь
644,4,Дождь
645,1,Ясно
646,1,Ясно
647,4,Дождь
648,4,Дождь
649,2,Облачно
650,3,Пасмурно
651,3,Пасмурно
652,2,Облачно
653,3,Пасмурно
654,3,Пасмурно
655,3,Пасмурно
656,3,Пасмурно
657,3,Пасмурно
658,3,Пасмурно
659,3,Пасмурно
660,3,Пасмурно
661,3,Пасмурно
662,2,Облачно
663,2,Облачно
664,1,Ясно
665,1,Ясно
666,1,Ясно
667,1,Ясно
668,3,Пасмурно
669,3,Пасмурно
670,3,Пасмурно
671,3,Пасмурно
672,3,Пасмурно
673,3,Пасмурно
674,2,Облачно
675,3,Пасмурно
676,3,Пасмурно
677,3,Пасмурно
678,3,Пасмурно
679,3,Пасмурно
680,3,Пасмурно
681,3,Пасмурно
682,2,Облачно
683,2,Облачно
684,2,Облачно
685,3,Пасмурно
686,4,Дождь
687,4,Дождь
688,4,Дождь
689,3,Пасмурно
690,3,Пасмурно
691,2,Облачно
692,2,Облачно
693,2,Облачно
694,2,Облачно
695,3,Пасмурно
696,3,Пасмурно
697,3,Пасмурно
698,3,Пасмурно
699,2,Облачно
700,2,Облачно
701,2,Облачно
702,4,Дождь
703,4,Дождь
704,4,Дождь
705,4,Дождь
706,1,Ясно
707,3,Пасмурно
708,4,Дождь
709,3,Пасмурно
710,3,Пасмурно
711,2,Облачно
712,3,Пасмурно
713,4,Дождь
714,4,Дождь
715,4,Дождь
716,4,Дождь
717,4,Дождь
718,4,Дождь
719,4,Дождь
720,4,Дождь
721,4,Дождь
722,4,Дождь
723,4,Дождь
724,4,Дождь
725,4,Дождь
726,4,Дождь
727,4,Дождь
728,4,Дождь
729,1,Ясно
730,1,Ясно
731,1,Ясно
732,1,Ясно
733,2,Облачно
734,2,Облачно
735,2,Облачно
736,2,Облачно
737,3,Пасмурно
738,3,Пасмурно
739,3,Пасмурно
740,3,Пасмурно
741,2,Облачно
742,2,Облачно
743,2,Облачно
744,2,Облачно
745,2,Облачно
746,4,Дождь
747,4,Дождь
748,4,Дождь
749,4,Дождь
750,4,Дождь
751,4,Дождь
752,4,Дождь
753,4,Дождь
754,2,Облачно
755,2,Облачно
756,2,Облачно
757,2,Облачно
758,4,Дождь
759,3,Пасмурно
760,3,Пасмурно
761,3,Пасмурно
762,3,Пасмурно
763,3,Пасмурно
764,3,Пасмурно
765,3,Пасмурно
766,4,Дождь
767,4,Дождь
768,4,Дождь
769,4,Дождь
770,4,Дождь
771,4,Дождь
772,4,Дождь
773,4,Дождь
774,4,Дождь
775,4,Дождь
776,3,Пасмурно
777,3,Пасмурно
778,3,Пасмурно
779,1,Ясно
780,4,Дождь
781,4,Дождь
782,4,Дождь
783,4,Дождь
784,4,Дождь
785,3,Пасмурно
786,3,Пасмурно
787,3,Пасмурно
788,3,Пасмурно
789,2,Облачно
790,4,Дождь
791,4,Дождь
792,3,Пасмурно
793,3,Пасмурно
794,3,Пасмурно
795,3,Пасмурно
796,3,Пасмурно
797,3,Пасмурно
798,4,Дождь
799,4,Дождь
800,4,Дождь
801,4,Дождь
802,4,Дождь
803,4,Дождь
804,4,Дождь
805,2,Облачно
806,3,Пасмурно
807,3,Пасмурно
808,3,Пасмурно
809,3,Пасмурно
810,2,Облачно
811,2,Облачно
812,2,Облачно
813,2,Облачно
814,2,Облачно
815,2,Облачно
816,2,Облачно
817,2,Облачно
818,4,Дождь
819,4,Дождь
820,2,Облачно
821,2,Облачно
822,2,Облачно
823,3,Пасмурно
824,3,Пасмурно
825,2,Облачно
826,2,Облачно
827,2,Облачно
828,3,Пасмурно
829,3,Пасмурно
830,3,Пасмурно
831,3,Пасмурно
832,3,Пасмурно
833,3,Пасмурно
834,3,Пасмурно
835,3,Пасмурно
836,3,Пасмурно
837,3,Пасмурно
838,3,Пасмурно
839,2,Облачно
840,2,Облачно
841,2,Облачно
842,1,Ясно
843,1,Ясно
844,4,Дождь
845,4,Дождь
846,4,Дождь
847,1,Ясно
848,1,Ясно
849,2,Облачно
850,2,Облачно
851,2,Облачно
852,2,Облачно
853,2,Облачно
854,2,Облачно
855,2,Облачно
856,2,Облачно
857,2,Облачно
858,3,Пасмурно
859,3,Пасмурно
860,2,Облачно
861,2,Облачно
862,1,Ясно
863,2,Облачно
864,2,Облачно
865,2,Облачно
866,4,Дождь
867,1,Ясно
868,2,Облачно
869,3,Пасмурно
870,3,Пасмурно
871,3,Пасмурно
872,2,Облачно
873,2,Облачно
874,1,Ясно
875,1,Ясно
876,1,Ясно
877,1,Ясно
878,4,Дождь
879,1,Ясно
880,2,Облачно
881,2,Облачно
882,2,Облачно
883,2,Облачно
884,2,Облачно
885,2,Облачно
886,2,Облачно
887,2,Облачно
888,2,Облачно
889,2,Облачно
890,2,Облачно
891,2,Облачно
892,2,Облачно
893,2,Облачно
894,2,Облачно
895,2,Облачно
896,2,Облачно
897,2,Облачно
898,2,Облачно
899,2,Облачно
900,2,Облачно
901,3,Пасмурно
902,3,Пасмурно
903,1,Ясно
904,3,Пасмурно
905,3,Пасмурно
906,3,Пасмурно
907,3,Пасмурно
908,3,Пасмурно
909,3,Пасмурно
910,3,Пасмурно
911,4,Дождь
912,4,Дождь
913,4,Дождь
914,4,Дождь
915,3,Пасмурно
916,1,Ясно
917,4,Дождь
918,4,Дождь
919,4,Дождь
920,4,Дождь
921,4,Дождь
922,4,Дождь
923,4,Дождь
924,4,Дождь
925,4,Дождь
926,4,Дождь
927,4,Дождь
928,4,Дождь
929,4,Дождь
930,4,Дождь
931,2,Облачно
932,4,Дождь
933,2,Облачно
934,2,Облачно
935,2,Облачно
936,2,Облачно
937,2,Облачно
938,2,Облачно
939,2,Облачно
940,2,Облачно
941,2,Облачно
942,2,Облачно
943,2,Облачно
944,2,Облачно
945,2,Облачно
946,2,Облачно
947,2,Облачно
948,2,Облачно
949,2,Облачно
950,2,Облачно
951,2,Облачно
952,4,Дождь
953,4,Дождь
954,4,Дождь
955,2,Облачно
956,2,Облачно
957,2,Облачно
958,2,Облачно
959,2,Облачно
960,1,Ясно
961,2,Облачно
962,2,Облачно
963,2,Облачно
964,3,Пасмурно
965,3,Пасмурно
966,3,Пасмурно
967,3,Пасмурно
968,3,Пасмурно
969,3,Пасмурно
970,3,Пасмурно
971,3,Пасмурно
972,3,Пасмурно
973,3,Пасмурно
974,3,Пасмурно
975,3,Пасмурно
976,3,Пасмурно
977,3,Пасмурно
978,3,Пасмурно
979,3,Пасмурно
980,2,Облачно
981,3,Пасмурно
982,3,Пасмурно
983,3,Пасмурно
984,3,Пасмурно
985,3,Пасмурно
986,2,Облачно
987,2,Облачно
988,2,Облачно
989,2,Облачно
990,2,Облачно
991,3,Пасмурно
992,3,Пасмурно
993,2,Облачно
994,2,Облачно
995,3,Пасмурно
996,1,Ясно
997,2,Облачно
998,3,Пасмурно
999,3,Пасмурно
1000,4,Дождь
1001,4,Дождь
1002,4,Дождь
1003,4,Дождь
1004,2,Облачно
1005,2,Облачно
1006,2,Облачно
1007,2,Облачно
1008,2,Облачно
1009,2,Облачно
1010,1,Ясно
1011,1,Ясно
1012,1,Ясно
1013,1,Ясно
1014,1,Ясно
1015,4,Дождь
1016,2,Облачно
1017,4,Дождь
1018,4,Дождь
1019,1,Ясно
1020,1,Ясно
1021,1,Ясно
1022,1,Ясно
1023,3,Пасмурно
1024,3,Пасмурно
1025,3,Пасмурно
1026,3,Пасмурно
1027,2,Облачно
1028,2,Облачно
1029,4,Дождь
1030,4,Дождь
1031,3,Пасмурно
1032,4,Дождь
1033,4,Дождь
1034,4,Дождь
1035,4,Дождь
1036,4,Дождь
1037,4,Дождь
1038,4,Дождь
1039,4,Дождь
1040,4,Дождь
1041,4,Дождь
1042,4,Дождь
1043,4,Дождь
1044,4,Дождь
1045,4,Дождь
1046,2,Облачно
1047,2,Облачно
1048,2,Облачно
1049,2,Облачно
1050,2,Облачно
1051,2,Облачно
1052,2,Облачно
1053,1,Ясно
1054,4,Дождь
1055,4,Дождь
1056,4,Дождь
1057,2,Облачно
1058,1,Ясно
1059,3,Пасмурно
1060,2,Облачно
1061,4,Дождь
1062,1,Ясно
1063,1,Ясно
1064,3,Пасмурно
1065,3,Пасмурно
1066,3,Пасмурно
1067,2,Облачно
1068,2,Облачно
1069,2,Облачно
1070,1,Ясно
1071,1,Ясно
1072,1,Ясно
1073,2,Облачно
1074,2,Облачно
1075,2,Облачно
1076,3,Пасмурно
1077,3,Пасмурно
1078,3,Пасмурно
1079,3,Пасмурно
1080,3,Пасмурно
1081,3,Пасмурно
1082,3,Пасмурно
1083,3,Пасмурно
1084,3,Пасмурно
1085,3,Пасмурно
1086,3,Пасмурно
1087,3,Пасмурно
1088,3,Пасмурно
1089,3,Пасмурно
1090,3,Пасмурно
1091,3,Пасмурно
1092,3,Пасмурно
1093,3,Пасмурно
1094,3,Пасмурно
1095,2,Облачно
1096,2,Облачно
1097,2,Облачно
1098,3,Пасмурно
1099,1,Ясно
1100,1,Ясно
1101,1,Ясно
1102,2,Облачно
1103,2,Облачно
1104,3,Пасмурно
1105,3,Пасмурно
1106,3,Пасмурно
1107,4,Дождь
1108,3,Пасмурно
1109,3,Пасмурно
1110,3,Пасмурно
1111,2,Облачно
1112,2,Облачно
1113,2,Облачно
1114,2,Облачно
1115,2,Облачно
1116,2,Облачно
1117,2,Облачно
1118,3,Пасмурно
1119,3,Пасмурно
1120,4,Дождь
1121,4,Дождь
1122,4,Дождь
1123,4,Дождь
1124,1,Ясно
1125,1,Ясно
1126,1,Ясно
1127,1,Ясно
1128,1,Ясно
1129,3,Пасмурно
1130,3,Пасмурно
1131,2,Облачно
1132,3,Пасмурно
1133,1,Ясно
1134,1,Ясно
1135,2,Облачно
1136,2,Облачно
1137,2,Облачно
1138,2,Облачно
1139,2,Облачно
1140,2,Облачно
1141,2,Облачно
1142,2,Облачно
1143,1,Ясно
1144,1,Ясно
1145,1,Ясно
1146,1,Ясно
1147,2,Облачно
1148,2,Облачно
1149,2,Облачно
1150,2,Облачно
1151,2,Облачно
1152,3,Пасмурно
1153,3,Пасмурно
1154,3,Пасмурно
1155,4,Дождь
1156,4,Дождь
1157,4,Дождь
1158,3,Пасмурно
1159,2,Облачно
1160,2,Облачно
1161,2,Облачно
1162,4,Дождь
1163,3,Пасмурно
1164,3,Пасмурно
1165,3,Пасмурно
1166,3,Пасмурно
1167,3,Пасмурно
1168,3,Пасмурно
1169,2,Облачно
1170,2,Облачно
1171,1,Ясно
1172,1,Ясно
1173,3,Пасмурно
1174,3,Пасмурно
1175,3,Пасмурно
1176,3,Пасмурно
1177,3,Пасмурно
1178,3,Пасмурно
1179,2,Облачно
1180,2,Облачно
1181,2,Облачно
1182,2,Облачно
1183,2,Облачно
1184,2,Облачно
1185,2,Облачно
1186,2,Облачно
1187,1,Ясно
1188,1,Ясно
1189,4,Дождь
1190,4,Дождь
1191,2,Облачно
1192,4,Дождь
1193,4,Дождь
1194,4,Дождь
1195,4,Дождь
1196,4,Дождь
1197,4,Дождь
1198,4,Дождь
1199,2,Облачно
1200,3,Пасмурно
1201,3,Пасмурно
1202,3,Пасмурно
1203,3,Пасмурно
1204,3,Пасмурно
1205,3,Пасмурно
1206,3,Пасмурно
1207,3,Пасмурно
1208,3,Пасмурно
1209,3,Пасмурно
1210,3,Пасмурно
1211,3,Пасмурно
1212,3,Пасмурно
1213,2,Облачно
1214,3,Пасмурно
1215,3,Пасмурно
1216,4,Дождь
1217,4,Дождь
1218,3,Пасмурно
1219,3,Пасмурно
1220,3,Пасмурно
1221,3,Пасмурно
1222,3,Пасмурно
1223,4,Дождь
1224,4,Дождь
1225,3,Пасмурно
1226,3,Пасмурно
1227,3,Пасмурно
1228,2,Облачно
1229,3,Пасмурно
1230,3,Пасмурно
1231,1,Ясно
1232,1,Ясно
1233,1,Ясно
1234,1,Ясно
1235,1,Ясно
1236,1,Ясно
1237,4,Дождь
1238,4,Дождь
1239,4,Дождь
1240,4,Дождь
1241,4,Дождь
1242,4,Дождь
1243,4,Дождь
1244,1,Ясно
1245,1,Ясно
1246,1,Ясно
1247,1,Ясно
1248,1,Ясно
1249,3,Пасмурно
1250,3,Пасмурно
1251,3,Пасмурно
1252,3,Пасмурно
1253,3,Пасмурно
1254,3,Пасмурно
1255,3,Пасмурно
1256,3,Пасмурно
1257,3,Пасмурно
1258,3,Пасмурно
1259,1,Ясно
1260,1,Ясно
1261,2,Облачно
1262,1,Ясно
1263,3,Пасмурно
1264,3,Пасмурно
1265,3,Пасмурно
1266,3,Пасмурно
1267,3,Пасмурно
1268,3,Пасмурно
1269,3,Пасмурно
1270,3,Пасмурно
1271,4,Дождь
1272,1,Ясно
1273,1,Ясно
1274,1,Ясно
1275,2,Облачно
1276,3,Пасмурно
1277,3,Пасмурно
1278,3,Пасмурно
1279,3,Пасмурно
1280,3,Пасмурно
1281,3,Пасмурно
1282,4,Дождь
1283,4,Дождь
1284,4,Дождь
1285,4,Дождь
1286,4,Дождь
1287,4,Дождь
1288,1,Ясно
1289,1,Ясно
1290,1,Ясно
1291,1,Ясно
1292,1,Ясно
1293,2,Облачно
1294,2,Облачно
1295,3,Пасмурно
1296,3,Пасмурно
1297,3,Пасмурно
1298,3,Пасмурно
1299,3,Пасмурно
1300,3,Пасмурно
1301,3,Пасмурно
1302,3,Пасмурно
1303,3,Пасмурно
1304,3,Пасмурно
1305,3,Пасмурно
1306,3,Пасмурно
1307,3,Пасмурно
1308,4,Дождь
1309,4,Дождь
1310,4,Дождь
1311,4,Дождь
1312,4,Дождь
1313,4,Дождь
1314,4,Дождь
1315,4,Дождь
1316,3,Пасмурно
1317,3,Пасмурно
1318,2,Облачно
1319,1,Ясно
1320,3,Пасмурно
1321,1,Ясно
1322,1,Ясно
1323,1,Ясно
1324,4,Дождь
1325,3,Пасмурно
1326,3,Пасмурно
1327,3,Пасмурно
1328,3,Пасмурно
1329,3,Пасмурно
1330,3,Пасмурно
1331,3,Пасмурно
1332,3,Пасмурно
1333,2,Облачно
1334,2,Облачно
1335,2,Облачно
1336,2,Облачно
1337,3,Пасмурно
1338,3,Пасмурно
1339,3,Пасмурно
1340,3,Пасмурно
1341,3,Пасмурно
1342,3,Пасмурно
1343,2,Облачно
1344,1,Ясно
1345,1,Ясно
1346,1,Ясно
1347,1,Ясно
1348,1,Ясно
1349,2,Облачно
1350,2,Облачно
1351,2,Облачно
1352,2,Облачно
1353,2,Облачно
1354,2,Облачно
1355,2,Облачно
1356,2,Облачно
1357,2,Облачно
1358,3,Пасмурно
1359,3,Пасмурно
1360,2,Облачно
1361,2,Облачно
1362,2,Облачно
1363,2,Облачно
1364,2,Облачно
1365,3,Пасмурно
1366,3,Пасмурно
1367,3,Пасмурно
1368,3,Пасмурно
1369,3,Пасмурно
1370,3,Пасмурно
1371,3,Пасмурно
1372,3,Пасмурно
1373,1,Ясно
1374,1,Ясно
1375,2,Облачно
1376,3,Пасмурно
1377,3,Пасмурно
1378,3,Пасмурно
1379,3,Пасмурно
1380,4,Дождь
1381,4,Дождь
1382,4,Дождь
1383,3,Пасмурно
1384,3,Пасмурно
1385,3,Пасмурно
1386,2,Облачно
1387,2,Облачно
1388,2,Облачно
1389,2,Облачно
1390,2,Облачно
1391,4,Дождь
1392,4,Дождь
1393,4,Дождь
1394,2,Облачно
1395,2,Облачно
1396,2,Облачно
1397,2,Облачно
1398,2,Облачно
1399,2,Облачно
1400,2,Облачно
1401,2,Облачно
1402,2,Облачно
1403,2,Облачно
1404,2,Облачно
1405,2,Облачно
1406,2,Облачно
1407,2,Облачно
1408,2,Облачно
1409,2,Облачно
1410,2,Облачно
1411,3,Пасмурно
1412,2,Облачно
1413,2,Облачно
1414,4,Дождь
1415,4,Дождь
1416,4,Дождь
1417,4,Дождь
1418,4,Дождь
1419,4,Дождь
1420,4,Дождь
1421,4,Дождь
1422,4,Дождь
1423,4,Дождь
1424,4,Дождь
1425,4,Дождь
1426,4,Дождь
1427,4,Дождь
1428,4,Дождь
1429,4,Дождь
1430,2,Облачно
1431,4,Дождь
1432,4,Дождь
1433,4,Дождь
1434,4,Дождь
1435,3,Пасмурно
1436,3,Пасмурно
1437,3,Пасмурно
1438,3,Пасмурно
1439,3,Пасмурно
1440,2,Облачно
1441,2,Облачно
1442,2,Облачно
1443,2,Облачно
1444,2,Облачно
1445,2,Облачно
1446,2,Облачно
1447,2,Облачно
1448,2,Облачно
1449,2,Облачно
1450,2,Облачно
1451,2,Облачно
1452,2,Облачно
1453,3,Пасмурно
1454,3,Пасмурно
1455,3,Пасмурно
1456,3,Пасмурно
1457,3,Пасмурно
1458,3,Пасмурно
1459,3,Пасмурно
1460,3,Пасмурно
1461,3,Пасмурно
1462,3,Пасмурно
1463,1,Ясно
1464,2,Облачно
1465,2,Облачно
1466,2,Облачно
1467,2,Облачно
1468,3,Пасмурно
1469,4,Дождь
1470,1,Ясно
1471,1,Ясно
1472,3,Пасмурно
1473,3,Пасмурно
1474,3,Пасмурно
1475,2,Облачно
1476,2,Облачно
1477,2,Облачно
1478,2,Облачно
1479,3,Пасмурно
1480,3,Пасмурно
1481,3,Пасмурно
1482,2,Облачно
1483,3,Пасмурно
1484,3,Пасмурно
1485,3,Пасмурно
1486,3,Пасмурно
1487,3,Пасмурно
1488,4,Дождь
1489,4,Дождь
1490,4,Дождь
1491,3,Пасмурно
1492,3,Пасмурно
1493,2,Облачно
1494,2,Облачно
1495,2,Облачно
1496,2,Облачно
1497,2,Облачно
1498,2,Облачно
1499,3,Пасмурно
1500,3,Пасмурно
1501,3,Пасмурно
1502,3,Пасмурно
1503,3,Пасмурно
1504,3,Пасмурно
1505,3,Пасмурно
1506,3,Пасмурно
1507,3,Пасмурно
1508,4,Дождь
1509,4,Дождь
1510,3,Пасмурно
1511,1,Ясно
1512,2,Облачно
1513,2,Облачно
1514,2,Облачно
1515,2,Облачно
1516,2,Облачно
1517,2,Облачно
1518,2,Облачно
1519,3,Пасмурно
1520,3,Пасмурно
1521,3,Пасмурно
1522,3,Пасмурно
1523,3,Пасмурно
1524,4,Дождь
1525,3,Пасмурно
1526,4,Дождь
1527,4,Дождь
1528,2,Облачно
1529,2,Облачно
1530,2,Облачно
1531,2,Облачно
1532,4,Дождь
1533,4,Дождь
1534,4,Дождь
1535,4,Дождь
1536,4,Дождь
1537,4,Дождь
1538,4,Дождь
1539,4,Дождь
1540,4,Дождь
1541,4,Дождь
1542,1,Ясно
1543,1,Ясно
1544,2,Облачно
1545,1,Ясно
1546,1,Ясно
1547,1,Ясно
1548,1,Ясно
1549,1,Ясно
1550,1,Ясно
1551,1,Ясно
1552,1,Ясно
1553,1,Ясно
1554,1,Ясно
1555,1,Ясно
1556,3,Пасмурно
1557,3,Пасмурно
1558,1,Ясно
1559,4,Дождь
1560,3,Пасмурно
1561,3,Пасмурно
1562,3,Пасмурно
1563,3,Пасмурно
1564,3,Пасмурно
1565,3,Пасмурно
1566,3,Пасмурно
1567,2,Облачно
1568,2,Облачно
1569,2,Облачно
1570,1,Ясно
1571,2,Облачно
1572,2,Облачно
1573,2,Облачно
1574,2,Облачно
1575,4,Дождь
1576,4,Дождь
1577,4,Дождь
1578,4,Дождь
1579,4,Дождь
1580,4,Дождь
1581,2,Облачно
1582,2,Облачно
1583,2,Облачно
1584,2,Облачно
1585,2,Облачно
1586,2,Облачно
1587,2,Облачно
1588,1,Ясно
1589,4,Дождь
1590,4,Дождь
1591,4,Дождь
1592,4,Дождь
1593,4,Дождь
1594,4,Дождь
1595,4,Дождь
1596,4,Дождь
1597,4,Дождь
1598,4,Дождь
1599,4,Дождь
1600,4,Дождь
1601,4,Дождь
1602,4,Дождь
1603,4,Дождь
1604,4,Дождь
1605,4,Дождь
1606,1,Ясно
1607,3,Пасмурно
1608,3,Пасмурно
1609,3,Пасмурно
1610,2,Облачно
1611,2,Облачно
1612,1,Ясно
1613,2,Облачно
1614,2,Облачно
1615,3,Пасмурно
1616,3,Пасмурно
1617,3,Пасмурно
1618,3,Пасмурно
1619,3,Пасмурно
1620,4,Дождь
1621,1,Ясно
1622,1,Ясно
1623,1,Ясно
1624,1,Ясно
1625,1,Ясно
1626,4,Дождь
1627,4,Дождь
1628,4,Дождь
1629,4,Дождь
1630,4,Дождь
1631,1,Ясно
1632,1,Ясно
1633,1,Ясно
1634,1,Ясно
1635,1,Ясно
1636,1,Ясно
1637,1,Ясно
1638,1,Ясно
1639,1,Ясно
1640,1,Ясно
1641,1,Ясно
1642,1,Ясно
1643,1,Ясно
1644,1,Ясно
1645,1,Ясно
1646,4,Дождь
1647,4,Дождь
1648,4,Дождь
1649,4,Дождь
1650,4,Дождь
1651,1,Ясно
1652,2,Облачно
1653,4,Дождь
1654,4,Дождь
1655,4,Дождь
1656,4,Дождь
1657,2,Облачно
1658,3,Пасмурно
1659,3,Пасмурно
1660,2,Облачно
1661,2,Облачно
1662,4,Дождь
1663,4,Дождь
1664,4,Дождь
1665,4,Дождь
1666,4,Дождь
1667,4,Дождь
1668,4,Дождь
1669,4,Дождь
1670,1,Ясно
1671,4,Дождь
1672,4,Дождь
